rank,type,keyword,doc_freq
1,uni,notes,1507
2,bi,safety checks,513
3,uni,identify,811
4,bi,add safety,511
5,uni,environmental,586
6,bi,checks tool,511
7,uni,safety,576
8,bi,notes add,511
9,uni,avoid,568
10,bi,prep validation,511
11,uni,how,564
12,bi,tool prep,511
13,uni,add,553
14,bi,validation criteria,511
15,uni,include,533
16,bi,environmental safeguards,503
17,uni,checks,530
18,bi,include measurement,503
19,uni,tool,522
20,bi,measurement units,503
21,uni,criteria,520
22,bi,notes include,503
23,uni,common,514
24,bi,units environmental,503
25,uni,monitor,513
26,bi,how avoid,494
27,uni,validation,512
28,bi,common pitfalls,493
29,uni,prep,511
30,bi,mention common,493
31,uni,measurement,505
32,bi,notes mention,493
33,uni,mention,505
34,bi,pitfalls how,493
35,uni,units,505
36,bi,identify key,221
37,uni,safeguards,503
38,bi,soil health,167
39,uni,soil,497
40,bi,identify suitable,121
41,uni,pitfalls,493
42,bi,pests diseases,113
43,uni,water,479
44,bi,crop rotation,104
45,uni,ensure,412
46,bi,plan notes,102
47,uni,based,404
48,bi,farming practices,99
49,uni,research,381
50,bi,prepare soil,87
51,uni,local,369
52,bi,identify specific,86
53,uni,plan,358
54,bi,local climate,84
55,uni,use,356
56,bi,irrigation systems,79
57,uni,farming,342
58,bi,sustainable farming,78
59,uni,suitable,342
60,bi,ensure all,74
61,uni,practices,337
62,bi,organic matter,73
63,uni,regularly,331
64,bi,soil moisture,71
65,uni,necessary,323
66,bi,retain moisture,70
67,uni,health,320
68,bi,moisture levels,66
69,uni,prepare,311
70,bi,social media,66
71,uni,implement,308
72,bi,soil conditions,65
73,uni,crop,302
74,bi,moisture suppress,64
75,uni,assess,297
76,bi,farming techniques,62
77,uni,conditions,293
78,bi,suppress weeds,62
79,uni,plant,276
80,bi,weather conditions,61
81,uni,farmers,272
82,bi,agricultural practices,59
83,uni,using,271
84,bi,monitor soil,58
85,uni,agricultural,259
86,bi,crop yields,57
87,uni,growth,256
88,bi,ensure proper,57
89,uni,key,247
90,bi,choose suitable,56
91,uni,techniques,247
92,bi,water conservation,55
93,uni,appropriate,241
94,bi,mulch around,54
95,uni,plants,240
96,bi,around plants,53
97,uni,all,239
98,bi,farming methods,53
99,uni,adjust,238
100,bi,cover crops,52
101,uni,prevent,234
102,bi,adding compost,51
103,uni,develop,228
104,bi,best practices,51
105,uni,like,224
106,bi,pest control,51
107,uni,systems,222
108,bi,water plants,51
109,uni,choose,215
110,bi,water usage,51
111,uni,through,215
112,bi,climate conditions,50
113,uni,methods,214
114,bi,plant growth,50
115,uni,climate,213
116,bi,select appropriate,49
117,uni,needed,207
118,bi,monitor pests,48
119,uni,specific,207
120,bi,collaborate local,47
121,uni,crops,203
122,bi,plant seeds,47
123,uni,optimal,202
124,bi,plants retain,47
125,uni,maintain,201
126,bi,climate soil,46
127,uni,evaluate,200
128,bi,environmental impact,46
129,uni,determine,196
130,bi,pest management,46
131,uni,organic,192
132,bi,choose appropriate,45
133,uni,sustainable,191
134,bi,educate farmers,45
135,uni,agriculture,190
136,bi,enhance soil,43
137,uni,needs,190
138,bi,local farmers,43
139,uni,planting,189
140,bi,seeds seedlings,43
141,uni,management,185
142,bi,when reach,42
143,uni,proper,185
144,bi,assess current,41
145,uni,any,183
146,bi,improve soil,41
147,uni,pests,183
148,bi,plant health,41
149,uni,analyze,182
150,bi,weather forecasts,41
151,uni,harvest,181
152,bi,necessary tools,40
153,uni,moisture,180
154,bi,optimal growth,40
155,uni,according,179
156,bi,irrigation system,39
157,uni,areas,179
158,bi,local regulations,39
159,uni,system,177
160,bi,rotate crops,39
161,uni,before,172
162,bi,drip irrigation,38
163,uni,irrigation,172
164,bi,implement crop,37
165,uni,during,170
166,bi,management strategies,37
167,uni,select,169
168,bi,organic fertilizers,37
169,uni,levels,165
170,bi,maintain soil,36
171,uni,each,164
172,bi,research local,36
173,uni,equipment,164
174,bi,soil fertility,36
175,uni,farm,162
176,bi,gather necessary,35
177,uni,new,162
178,bi,soil adding,35
179,uni,consider,160
180,bi,soil structure,35
181,uni,strategies,159
182,bi,plants regularly,34
183,uni,potential,157
184,bi,signs pests,34
185,uni,control,156
186,bi,sustainable agriculture,34
187,uni,quality,156
188,bi,areas needing,33
189,uni,apply,155
190,bi,future reference,33
191,uni,including,155
192,bi,identify areas,33
193,uni,when,150
194,bi,suitable location,33
195,uni,diseases,146
196,bi,train farmers,33
197,uni,schedule,145
198,bi,according manufacturer,32
199,uni,pest,144
200,bi,apply organic,32
201,uni,enhance,143
202,bi,beneficial insects,32
203,uni,provide,142
204,bi,evaluate effectiveness,32
205,uni,seeds,140
206,bi,growing season,32
207,uni,create,139
208,bi,based soil,31
209,uni,impact,139
210,bi,nutrient levels,31
211,uni,area,138
212,bi,removing weeds,31
213,uni,weather,138
214,bi,based local,30
215,uni,benefits,136
216,bi,gather feedback,30
217,uni,current,135
218,bi,monitor progress,30
219,uni,support,135
220,bi,practices notes,30
221,uni,tools,135
222,bi,soil quality,30
223,uni,install,134
224,bi,train staff,30
225,uni,after,130
226,bi,water supply,30
227,uni,around,130
228,bi,air circulation,29
229,uni,improve,129
230,bi,assess soil,29
231,uni,such,127
232,bi,case studies,29
233,uni,test,127
234,bi,health regularly,29
235,uni,data,126
236,bi,local communities,29
237,uni,encourage,126
238,bi,soil type,29
239,uni,ensuring,125
240,bi,based feedback,28
241,uni,gather,125
242,bi,based weather,28
243,uni,reduce,124
244,bi,compost organic,28
245,uni,check,122
246,bi,regularly signs,28
247,uni,clean,121
248,bi,sustainable practices,28
249,uni,efficiency,120
250,bi,vertical farming,28
251,uni,signs,120
252,bi,companion planting,27
253,uni,compost,119
254,bi,management practices,27
255,uni,train,118
256,bi,media platforms,27
257,uni,establish,117
258,bi,water management,27
259,uni,materials,116
260,bi,analyze how,26
261,uni,nutrient,116
262,bi,assess local,26
263,uni,location,115
264,bi,climate change,26
265,uni,share,115
266,bi,control methods,26
267,uni,rotation,114
268,bi,crops annually,26
269,uni,start,113
270,bi,harvest crops,26
271,uni,design,112
272,bi,regularly check,26
273,uni,feedback,112
274,bi,research latest,26
275,uni,harvesting,111
276,bi,agricultural experts,25
277,uni,weeds,110
278,bi,challenges faced,25
279,uni,cover,109
280,bi,monitor plants,25
281,uni,collaborate,107
282,bi,organic farming,25
283,uni,content,107
284,bi,rainwater harvesting,25
285,uni,promote,107
286,bi,regularly inspect,25
287,uni,future,106
288,bi,strategies based,25
289,uni,sunlight,106
290,bi,develop comprehensive,24
291,uni,livestock,104
292,bi,food security,24
293,uni,performance,104
294,bi,local agricultural,24
295,uni,type,104
296,bi,local authorities,24
297,uni,production,103
298,bi,monitor evaluate,24
299,uni,technology,101
300,bi,schedule regular,24
